"name","avgcomments"
Movies,5.3197969543147208
Science,5.1518324607329843
Sports,5.0637254901960784
Travel,5.0603015075376884
Music,5.0510204081632653
Food,5.0169491525423729
Technology,4.9840425531914894
Health,4.8541666666666667
Gaming,4.8514851485148515
Politics,4.6410256410256410
